{
  "version": 1,
  "author": "BUDI SETIAWAN",
  "editor": "wokwi",
  "parts": [
    {
      "type": "wokwi-arduino-uno",
      "id": "uno",
      "top": 83.4,
      "left": -171.4,
      "rotate": 90,
      "attrs": {}
    },
    { "type": "wokwi-pir-motion-sensor", "id": "pir1", "top": 157.6, "left": 213.42, "attrs": {} },
    {
      "type": "wokwi-photoresistor-sensor",
      "id": "ldr1",
      "top": 162.9,
      "left": 61.7,
      "rotate": 90,
      "attrs": {}
    },
    {
      "type": "wokwi-led",
      "id": "led1",
      "top": -64.05,
      "left": 207.99,
      "attrs": { "color": "red" }
    },
    {
      "type": "wokwi-resistor",
      "id": "r1",
      "top": 15.64,
      "left": 209.12,
      "rotate": 90,
      "attrs": { "value": "220" }
    },
    {
      "type": "wokwi-lcd1602",
      "id": "lcd1",
      "top": 390.4,
      "left": -176.8,
      "attrs": { "pins": "i2c" }
    }
  ],
  "connections": [
    [ "led1:C", "uno:GND.1", "black", [ "v50.85", "h-126.99", "v134.1" ] ],
    [ "led1:A", "r1:1", "red", [ "v-0.82", "h7.53" ] ],
    [ "r1:2", "uno:13", "red", [ "h-132.87", "v122.36", "h-48" ] ],
    [ "pir1:VCC", "uno:5V", "red", [ "v124.8", "h-422.4", "v-167" ] ],
    [ "pir1:GND", "uno:GND.1", "black", [ "v55.98", "h-171.42", "v-181.82" ] ],
    [ "ldr1:VCC", "uno:5V", "red", [ "v95.03", "h-336", "v-166.03" ] ],
    [ "ldr1:GND", "uno:GND.1", "black", [ "v86.05", "h-316.4", "v-335.65", "h259.2", "v134.1" ] ],
    [ "pir1:OUT", "uno:12", "green", [ "v50.37", "h-145.98", "v-158.25" ] ],
    [ "ldr1:DO", "uno:7", "blue", [ "v38.4", "h-57", "v-80.4" ] ],
    [ "lcd1:VCC", "uno:5V", "red", [ "h-105.6", "v-224.5" ] ],
    [ "lcd1:SDA", "uno:A4", "magenta", [ "h-115.2", "v-148" ] ],
    [ "lcd1:SCL", "uno:A5", "purple", [ "h-124.8", "v-148" ] ]
  ],
  "dependencies": {}
}